
{
    "AGAVE (AÑO 1)": "AGAVE",
    "AGAVE (AÑO 2)": "AGAVE",
    "AGAVE (AÑO 3)": "AGAVE",
    "AGAVE (AÑO 4)": "AGAVE",
    "AGAVE (AÑO 5)": "AGAVE",
    "AGAVE (AÑO 6)": "AGAVE",
    "AGAVE ESTABLECIMIENTO": "AGAVE",
    "AGUACATE": "AGUACATE",
    "AJO": "AJO",
    "AJONJOLÍ": "AJONJOLÍ",
    "ALFALFA": "ALFALFA VERDE",
    "ALFALFA ESTABLECIMIENTO": "ALFALFA VERDE",
    "ALGODÓN": "ALGODÓN HUESO",
    "ARROZ": "ARROZ PALAY",
    "ARÁNDANO": "ARÁNDANO",
    "ARÁNDANO ESTABLECIMIENTO MACETA": "ARÁNDANO",
    "ARÁNDANO ESTABLECIMIENTO SUELO": "ARÁNDANO",
    "ARÁNDANO MANTENIMIENTO BOLSA": "ARÁNDANO",
    "ARÁNDANO MANTENIMIENTO SUELO": "ARÁNDANO",
    "BRÓCOLI": "BRÓCOLI",
    "CACAHUATE": "CACAHUATE",
    "CACAO": "CACAO",
    "CACAO ESTABLECIMIENTO": "CACAO",
    "CACAO MANTENIMIENTO (AÑO 2)": "CACAO",
    "CACAO MANTENIMIENTO (AÑO 3)": "CACAO",
    "CACAO MANTENIMIENTO PRODUCTIVO": "CACAO",
    "CACAO MANTENMIENTO (AÑO 1)": "CACAO",
    "CAFÉ CEREZA ESTABLECIMIENTO": "CAFÉ CEREZA",
    "CAFÉ CEREZA MANTENIMIENTO": "CAFÉ CEREZA",
    "CAFÉ CEREZA MANTENIMIENTO (AÑO 1)": "CAFÉ CEREZA",
    "CAÑA DE AZUCAR SOCAS Y RESOCAS": "CAÑA DE AZÚCAR",
    "CAÑA DE AZÚCAR PLANTILLA (MAQ. RENTADA)": "CAÑA DE AZÚCAR",
    "CAÑA DE AZÚCAR PLANTILLA 2016/2018 (AÑO 1)": "CAÑA DE AZÚCAR",
    "CAÑA DE AZÚCAR PLANTILLA 2016/2018 (AÑO 2)": "CAÑA DE AZÚCAR",
    "CAÑA DE AZÚCAR PLANTILLAS 2017/2019 (AÑO 1)": "CAÑA DE AZÚCAR",
    "CAÑA DE AZÚCAR PLANTILLAS 2017/2019 (AÑO 2)": "CAÑA DE AZÚCAR",
    "CAÑA DE AZÚCAR PLANTILLAS 2018/2020 (AÑO 1)": "CAÑA DE AZÚCAR",
    "CAÑA DE AZÚCAR PLANTILLAS 2018/2020 (AÑO 2)": "CAÑA DE AZÚCAR",
    "CAÑA DE AZÚCAR SOCA (MAQ. RENTADA)": "CAÑA DE AZÚCAR",
    "CAÑA DE AZÚCAR SOCAS Y RESOCAS 2017/2018": "CAÑA DE AZÚCAR",
    "CAÑA DE AZÚCAR SOCAS Y RESOCAS 2018/2019": "CAÑA DE AZÚCAR",
    "CAÑA DE AZÚCAR SOCAS Y RESOCAS 2019/2020": "CAÑA DE AZÚCAR",
    "CEBADA": "CEBADA GRANO",
    "CEBADA ALTA PRODUCTIVIDAD": "CEBADA GRANO",
    "CEBADA PRODUCTIVIDAD MEDIA": "CEBADA GRANO",
    "CHILE ANCHO": "CHILE SECO",
    "CHILE JALAPEÑO": "CHILE VERDE",
    "CHILE PIMIENTO": "CHILE VERDE",
    "CHILE SECO": "CHILE SECO",
    "CÁRTAMO": "CÁRTAMO",
    "CÍTRICOS ESTABLECIMIENTO": "LIMÓN",
    "DÁTIL ESTABLECIMIENTO": "DÁTIL",
    "ESPÁRRAGO ESTABLECIMIENTO (AÑO 1)": "ESPÁRRAGO",
    "ESPÁRRAGO ESTABLECIMIENTO (AÑO 2)": "ESPÁRRAGO",
    "ESPÁRRAGO MANTENIMIENTO": "ESPÁRRAGO",
    "FRAMBUESA": "FRAMBUESA",
    "FRESA": "FRESA",
    "FRIJOL": "FRIJOL",
    "GARBANZO": "GARBANZO GRANO",
    "GARBANZO ALTA PRODUCTIVIDAD": "GARBANZO GRANO",
    "GIRASOL": "GIRASOL",
    "HIGUERILLA": "HIGUERILLA",
    "JITOMATE": "TOMATE ROJO (JITOMATE)",
    "LIMÓN": "LIMÓN",
    "LIMÓN PERSA ESTABLECIMIENTO": "LIMÓN",
    "LIMÓN PERSA MANTENIMIENTO": "LIMÓN",
    "MAIZ": "MAÍZ GRANO",
    "MAIZ CON ADMINISTRACIÓN DE RIESGOS": "MAÍZ GRANO",
    "MAIZ CON RENTA": "MAÍZ GRANO",
    "MAIZ FORRAJERO": "MAÍZ GRANO",
    "MAIZ GRANO CON COBERTURA": "MAÍZ GRANO",
    "MANGO ESTABLECIMIENTO": "MANGO",
    "MANGO MANTENIMIENTO": "MANGO",
    "MANZANO": "MANZANA",
    "MANZANO ESTABLECIMIENTO": "MANZANA",
    "MAÍZ": "MAÍZ GRANO",
    "MAÍZ ALTA PRODUCTIVIDAD": "MAÍZ GRANO",
    "MELON": "MELÓN",
    "NARANJO MANTENIMIENTO": "NARANJA",
    "NOGAL": "NUEZ",
    "NOGAL ESTABLECIMIENTO": "NUEZ",
    "NOGAL MANTENIMIENTO": "NUEZ",
    "PALMA ACEITERA": "PALMA AFRICANA O DE ACEITE",
    "PALMA DE COCO": "COCO FRUTA",
    "PAPA": "PAPA",
    "PAPAYA": "PAPAYA",
    "PAPAYO": "PAPAYA",
    "PLATANO": "PLÁTANO",
    "SANDIA": "SANDÍA",
    "SORGO": "SORGO GRANO",
    "SORGO CON ADMINISTRACIÓN DE RIESGOS": "SORGO GRANO",
    "SORGO CON COBERTURA DE PRECIO": "SORGO GRANO",
    "SORGO ESCOBERO": "SORGO ESCOBERO",
    "SORGO FORRAJERO": "SORGO GRANO",
    "SOYA": "SOYA",
    "SOYA CON COBERTURA DE PRECIO": "SOYA",
    "SUPER SORGO FORRAJERO": "SORGO FORRAJERO EN VERDE",
    "TOMATE": "TOMATE VERDE",
    "TRIGO": "TRIGO GRANO",
    "TRIGO CON COBERTURA DE PRECIO": "TRIGO GRANO",
    "TRIGO CRISTALINO EXPORTACION": "TRIGO GRANO",
    "VID ESTABLECIMIENTO": "UVA",
    "VID PASA MANTENIMIENTO": "UVA",
    "VID UVA MANTENIMIENTO": "UVA",
    "ZARZAMORA": "ZARZAMORA"
}
